{
  "total_questions": 108,
  "top_k": 3,
  "recall_at_1": 0.5092592592592593,
  "recall_at_3": 0.7870370370370371,
  "answer_included_top1_rate": 0.23148148148148148,
  "answer_included_top3_avg": 0.16666666666666666,
  "hallucination_rate": 0.06481481481481481,
  "hallucination_count": 7,
  "hallucination_min_score": 0.47528794,
  "hallucination_max_score": 0.7175702,
  "hallucination_avg_score": 0.5925664771428572,
  "score_min": 0.32127106,
  "score_max": 0.9553757,
  "score_avg": 0.6810966605555555
}