{
  "total_questions": 108,
  "top_k": 3,
  "recall_at_1": 0.6203703703703703,
  "recall_at_3": 0.8425925925925926,
  "answer_included_top1_rate": 0.3425925925925926,
  "answer_included_top3_avg": 0.20987654320987653,
  "hallucination_rate": 0.06481481481481481,
  "hallucination_count": 7,
  "hallucination_min_score": 0.44929075,
  "hallucination_max_score": 0.7967135,
  "hallucination_avg_score": 0.5861379142857143,
  "score_min": 0.28845918,
  "score_max": 1.0,
  "score_avg": 0.6631494024382716,
  "search_method": "semantic_search",
  "pipeline_version": "v1"
}